Model,RMSE,Brier,ECE,EvalCount
TGN,0.2839306925911598,0.615590944665687,0.7845866972727273,11.0
Landscape,0.263636530617042,0.5818177526503899,0.7627625654545455,11.0
RKHS,0.2187474504602453,0.5106844460127006,0.7146155218181818,11.0
