x_span,y_span,z_span
12.181385040283203,12.522544860839844,12.298324584960938
