x_span,y_span,z_span
13.419761657714844,12.158845901489258,16.731063842773438
