x_min,x_max,y_min,y_max,z_min,z_max
40.18706,462.33105,0.0,0.725,-0.68333334,0.6
