Model,RMSE,Brier,ECE,EvalCount
TGN,0.2839644147167866,0.6156843749305274,0.7846464645454545,11.0
Landscape,0.2636688006641935,0.5819511672120182,0.7628499145454546,11.0
RKHS,0.2402251907088996,0.5447806204609378,0.73808199,11.0
