Model,RMSE,Brier,ECE,EvalCount
TGN,0.2552359266598942,0.5822384140818395,0.763038966,10.0
Landscape,0.2289313904936098,0.5397790453894793,0.734683116,10.0
RKHS,0.2279391508436868,0.5380083887652598,0.733470546,10.0
