x_min,x_max,y_min,y_max,z_min,z_max
17.291616465790582,160.9192344003662,0.0,0.725,-0.6833333333333333,0.6
